Workbook
Name ESTADO_COMUNA_EMPRESA022019028: Comuna_empresa!#REF!

Sheet EA_
A1: comuna | B1: interrupcion | C1: bloque reposición | D1: estado par ce_id | E1: fecha inicio estado | F1: fecha termino estado | G1: tipo interrupcion | H1: tipo estado sd_id | I1: int_comuna | J1: nombre_comuna
A2: 5107 | B2: 006307202506110064 | C2: 1 | D2: 125060751 | E2: 45819.836 | F2: 45822.336 | G2: 1 | H2: 2 | I2: ="6307"&MID(B2,7,18)&A2 -> 63072025061100645107 | J2: =VLOOKUP(A2,Comuna_empresa!B:E,4,0) -> Quintero
A3: 5107 | B3: 006307202506110121 | C3: 1 | D3: 125060752 | E3: 45819.836 | F3: 45822.336 | G3: 1 | H3: 2 | I3: ="6307"&MID(B3,7,18)&A3 -> 63072025061101215107 | J3: =VLOOKUP(A3,Comuna_empresa!B:E,4,0) -> Quintero
A4: 5107 | B4: 006307202506110133 | C4: 1 | D4: 125060753 | E4: 45819.836 | F4: 45822.336 | G4: 4 | H4: 2 | I4: ="6307"&MID(B4,7,18)&A4 -> 63072025061101335107 | J4: =VLOOKUP(A4,Comuna_empresa!B:E,4,0) -> Quintero
A5: 5107 | B5: 006307202506110133 | C5: 2 | D5: 125060754 | E5: 45819.836 | F5: 45822.336 | G5: 4 | H5: 2 | I5: ="6307"&MID(B5,7,18)&A5 -> 63072025061101335107 | J5: =VLOOKUP(A5,Comuna_empresa!B:E,4,0) -> Quintero
A6: 5107 | B6: 006307202506110133 | C6: 3 | D6: 125060755 | E6: 45819.836 | F6: 45822.336 | G6: 4 | H6: 2 | I6: ="6307"&MID(B6,7,18)&A6 -> 63072025061101335107 | J6: =VLOOKUP(A6,Comuna_empresa!B:E,4,0) -> Quintero
A7: 5107 | B7: 006307202506110133 | C7: 4 | D7: 125060756 | E7: 45819.836 | F7: 45822.336 | G7: 4 | H7: 2 | I7: ="6307"&MID(B7,7,18)&A7 -> 63072025061101335107 | J7: =VLOOKUP(A7,Comuna_empresa!B:E,4,0) -> Quintero
A8: 5107 | B8: 006307202506110133 | C8: 5 | D8: 125060757 | E8: 45819.836 | F8: 45822.336 | G8: 4 | H8: 2 | I8: ="6307"&MID(B8,7,18)&A8 -> 63072025061101335107 | J8: =VLOOKUP(A8,Comuna_empresa!B:E,4,0) -> Quintero
A9: 5107 | B9: 006307202506110134 | C9: 1 | D9: 125060758 | E9: 45819.836 | F9: 45822.336 | G9: 1 | H9: 2 | I9: ="6307"&MID(B9,7,18)&A9 -> 63072025061101345107 | J9: =VLOOKUP(A9,Comuna_empresa!B:E,4,0) -> Quintero
A10: 5107 | B10: 006307202506110135 | C10: 1 | D10: 125060759 | E10: 45819.836 | F10: 45822.336 | G10: 4 | H10: 2 | I10: ="6307"&MID(B10,7,18)&A10 -> 63072025061101355107 | J10: =VLOOKUP(A10,Comuna_empresa!B:E,4,0) -> Quintero
A11: 5107 | B11: 006307202506110142 | C11: 1 | D11: 125060760 | E11: 45819.836 | F11: 45822.336 | G11: 1 | H11: 2 | I11: ="6307"&MID(B11,7,18)&A11 -> 63072025061101425107 | J11: =VLOOKUP(A11,Comuna_empresa!B:E,4,0) -> Quintero
A12: 5107 | B12: 006307202506110143 | C12: 1 | D12: 125060761 | E12: 45819.836 | F12: 45822.336 | G12: 1 | H12: 2 | I12: ="6307"&MID(B12,7,18)&A12 -> 63072025061101435107 | J12: =VLOOKUP(A12,Comuna_empresa!B:E,4,0) -> Quintero
A13: 5107 | B13: 006307202506110144 | C13: 1 | D13: 125060762 | E13: 45819.836 | F13: 45822.336 | G13: 1 | H13: 2 | I13: ="6307"&MID(B13,7,18)&A13 -> 63072025061101445107 | J13: =VLOOKUP(A13,Comuna_empresa!B:E,4,0) -> Quintero
... A465: 5304 | B465: 006307202601100014 | C465: 1 | D465: 126011503 | E465: 46030.727 | F465: 46033.727 | G465: 1 | H465: 2 | I465: ="6307"&MID(B465,7,18)&A465 -> 63072026011000145304 | J465: =VLOOKUP(A465,Comuna_empresa!B:E,4,0) -> San Esteban
A466: 5501 | B466: 006307202602020011 | C466: 1 | D466: 126021291 | F466: 46057.144 | G466: 1 | H466: 2 | I466: ="6307"&MID(B466,7,18)&A466 -> 63072026020200115501 | J466: =VLOOKUP(A466,Comuna_empresa!B:E,4,0) -> Quillota
A467: 5501 | B467: 006307202602020017 | C467: 1 | D467: 126021292 | F467: 46057.144 | G467: 1 | H467: 2 | I467: ="6307"&MID(B467,7,18)&A467 -> 63072026020200175501 | J467: =VLOOKUP(A467,Comuna_empresa!B:E,4,0) -> Quillota
A468: 5501 | B468: 006307202602020029 | C468: 1 | D468: 126021293 | F468: 46057.144 | G468: 1 | H468: 2 | I468: ="6307"&MID(B468,7,18)&A468 -> 63072026020200295501 | J468: =VLOOKUP(A468,Comuna_empresa!B:E,4,0) -> Quillota
A469: 5501 | B469: 006307202602020048 | C469: 1 | D469: 126021294 | F469: 46057.144 | G469: 1 | H469: 2 | I469: ="6307"&MID(B469,7,18)&A469 -> 63072026020200485501 | J469: =VLOOKUP(A469,Comuna_empresa!B:E,4,0) -> Quillota
A470: 5501 | B470: 006307202602020052 | C470: 1 | D470: 126021295 | F470: 46057.144 | G470: 1 | H470: 2 | I470: ="6307"&MID(B470,7,18)&A470 -> 63072026020200525501 | J470: =VLOOKUP(A470,Comuna_empresa!B:E,4,0) -> Quillota
A471: 5501 | B471: 006307202602020057 | C471: 1 | D471: 126021296 | F471: 46057.144 | G471: 1 | H471: 2 | I471: ="6307"&MID(B471,7,18)&A471 -> 63072026020200575501 | J471: =VLOOKUP(A471,Comuna_empresa!B:E,4,0) -> Quillota
A472: 5501 | B472: 006307202602020066 | C472: 1 | D472: 126021297 | F472: 46057.144 | G472: 1 | H472: 2 | I472: ="6307"&MID(B472,7,18)&A472 -> 63072026020200665501 | J472: =VLOOKUP(A472,Comuna_empresa!B:E,4,0) -> Quillota
A473: 5501 | B473: 006307202602020072 | C473: 1 | D473: 126021298 | F473: 46057.144 | G473: 4 | H473: 2 | I473: ="6307"&MID(B473,7,18)&A473 -> 63072026020200725501 | J473: =VLOOKUP(A473,Comuna_empresa!B:E,4,0) -> Quillota
A474: 5501 | B474: 006307202602020079 | C474: 1 | D474: 126021299 | F474: 46057.144 | G474: 1 | H474: 2 | I474: ="6307"&MID(B474,7,18)&A474 -> 63072026020200795501 | J474: =VLOOKUP(A474,Comuna_empresa!B:E,4,0) -> Quillota
A475: 5501 | B475: 006307202602020080 | C475: 1 | D475: 126021300 | F475: 46057.144 | G475: 1 | H475: 2 | I475: ="6307"&MID(B475,7,18)&A475 -> 63072026020200805501 | J475: =VLOOKUP(A475,Comuna_empresa!B:E,4,0) -> Quillota
A476: 5501 | B476: 006307202602020081 | C476: 1 | D476: 126021301 | F476: 46057.144 | G476: 1 | H476: 2 | I476: ="6307"&MID(B476,7,18)&A476 -> 63072026020200815501 | J476: =VLOOKUP(A476,Comuna_empresa!B:E,4,0) -> Quillota
A477: 5501 | B477: 006307202602030054 | C477: 1 | D477: 126021302 | F477: 46057.144 | G477: 4 | H477: 2 | I477: ="6307"&MID(B477,7,18)&A477 -> 63072026020300545501 | J477: =VLOOKUP(A477,Comuna_empresa!B:E,4,0) -> Quillota
... A587: 5605 | B587: 006307202602280043 | C587: 4 | D587: 126021740 | F587: 46085.108 | G587: 4 | H587: 2 | I587: ="6307"&MID(B587,7,18)&A587 -> 63072026022800435605 | J587: =VLOOKUP(A587,Comuna_empresa!B:E,4,0) -> El Tabo
A588: 5801 | B588: 006307202603010012 | C588: 1 | D588: 126032217 | E588: 46082.602 | F588: 46084.477 | G588: 4 | H588: 2 | I588: ="6307"&MID(B588,7,18)&A588 -> 63072026030100125801 | J588: =VLOOKUP(A588,Comuna_empresa!B:E,4,0) -> Quilpué
A589: 5801 | B589: 006307202603010012 | C589: 2 | D589: 126032218 | E589: 46082.602 | F589: 46084.477 | G589: 4 | H589: 2 | I589: ="6307"&MID(B589,7,18)&A589 -> 63072026030100125801 | J589: =VLOOKUP(A589,Comuna_empresa!B:E,4,0) -> Quilpué
A590: 5801 | B590: 006307202603010012 | C590: 3 | D590: 126032219 | E590: 46082.602 | F590: 46084.477 | G590: 4 | H590: 2 | I590: ="6307"&MID(B590,7,18)&A590 -> 63072026030100125801 | J590: =VLOOKUP(A590,Comuna_empresa!B:E,4,0) -> Quilpué
A591: 5801 | B591: 006307202603010013 | C591: 1 | D591: 126032220 | E591: 46082.602 | F591: 46084.477 | G591: 4 | H591: 2 | I591: ="6307"&MID(B591,7,18)&A591 -> 63072026030100135801 | J591: =VLOOKUP(A591,Comuna_empresa!B:E,4,0) -> Quilpué
A592: 5801 | B592: 006307202603010013 | C592: 2 | D592: 126032221 | E592: 46082.602 | F592: 46084.477 | G592: 4 | H592: 2 | I592: ="6307"&MID(B592,7,18)&A592 -> 63072026030100135801 | J592: =VLOOKUP(A592,Comuna_empresa!B:E,4,0) -> Quilpué
A593: 5801 | B593: 006307202603010013 | C593: 3 | D593: 126032222 | E593: 46082.602 | F593: 46084.477 | G593: 4 | H593: 2 | I593: ="6307"&MID(B593,7,18)&A593 -> 63072026030100135801 | J593: =VLOOKUP(A593,Comuna_empresa!B:E,4,0) -> Quilpué
A594: 5801 | B594: 006307202603010016 | C594: 1 | D594: 126032223 | E594: 46082.602 | F594: 46084.477 | G594: 1 | H594: 2 | I594: ="6307"&MID(B594,7,18)&A594 -> 63072026030100165801 | J594: =VLOOKUP(A594,Comuna_empresa!B:E,4,0) -> Quilpué
A595: 5801 | B595: 006307202603010314 | C595: 1 | D595: 126032224 | E595: 46082.602 | F595: 46084.477 | G595: 4 | H595: 2 | I595: ="6307"&MID(B595,7,18)&A595 -> 63072026030103145801 | J595: =VLOOKUP(A595,Comuna_empresa!B:E,4,0) -> Quilpué
A596: 5801 | B596: 006307202603010315 | C596: 1 | D596: 126032225 | E596: 46082.602 | F596: 46084.477 | G596: 4 | H596: 2 | I596: ="6307"&MID(B596,7,18)&A596 -> 63072026030103155801 | J596: =VLOOKUP(A596,Comuna_empresa!B:E,4,0) -> Quilpué
A597: 5801 | B597: 006307202603010317 | C597: 1 | D597: 126032226 | E597: 46082.602 | F597: 46084.477 | G597: 4 | H597: 2 | I597: ="6307"&MID(B597,7,18)&A597 -> 63072026030103175801 | J597: =VLOOKUP(A597,Comuna_empresa!B:E,4,0) -> Quilpué
A598: 5801 | B598: 006307202603010318 | C598: 1 | D598: 126032227 | E598: 46082.602 | F598: 46084.477 | G598: 4 | H598: 2 | I598: ="6307"&MID(B598,7,18)&A598 -> 63072026030103185801 | J598: =VLOOKUP(A598,Comuna_empresa!B:E,4,0) -> Quilpué
A599: 5801 | B599: 006307202603010319 | C599: 1 | D599: 126032228 | E599: 46082.602 | F599: 46084.477 | G599: 4 | H599: 2 | I599: ="6307"&MID(B599,7,18)&A599 -> 63072026030103195801 | J599: =VLOOKUP(A599,Comuna_empresa!B:E,4,0) -> Quilpué
... A779: 5601 | B779: 006307202603300001 | C779: 1 | D779: 126031854 | E779: 46109.25 | F779: 46111.125 | G779: 4 | H779: 2 | I779: ="6307"&MID(B779,7,18)&A779 -> 63072026033000015601 | J779: =VLOOKUP(A779,Comuna_empresa!B:E,4,0) -> San Antonio

Sheet Comuna_empresa
A1: nombre comuna | B1: id comuna | C1: clientes | D1: Densidad | E1: nombre comuna
A2: Valparaíso | B2: 5101 | C2: 122712 | D2: Alta | E2: Valparaíso
A3: Casablanca | B3: 5102 | C3: 0 | D3: Extremadamente Baja | E3: Casablanca
A4: Concón | B4: 5103 | C4: 27951 | D4: Media | E4: Concón
A5: Puchuncaví | B5: 5105 | C5: 10051 | D5: Baja | E5: Puchuncaví
A6: Quintero | B6: 5107 | C6: 18159 | D6: Baja | E6: Quintero
A7: Viña del Mar | B7: 5109 | C7: 90266 | D7: Alta | E7: Viña del Mar
A8: Los Andes | B8: 5301 | C8: 29596 | D8: Media | E8: Los Andes
A9: Calle Larga | B9: 5302 | C9: 6366 | D9: Baja | E9: Calle Larga
A10: Rinconada | B10: 5303 | C10: 4486 | D10: Muy Baja | E10: Rinconada
A11: San Esteban | B11: 5304 | C11: 8522 | D11: Muy Baja | E11: San Esteban
A12: Quillota | B12: 5501 | C12: 40860 | D12: Media | E12: Quillota
A13: Calera | B13: 5502 | C13: 20564 | D13: Media | E13: Calera
... A30: Villa Alemana | B30: 5804 | C30: 55548 | D30: Alta | E30: Villa Alemana
